ProfID,lon,lat,top,bottom,Clay,Silt,Sand,SOC,pH
PROF0003,39.069884,-101.9787342,0,30,20.4629672,55.9,23.6,1.5744,8.13
PROF0004,38.46796,-101.78322,0,30,22.8316904,57.9,19.3,1.352,6.12
PROF0005,38.4703,-101.78132,0,30,26.4101586,58.4,15.2,1.51,7.25
PROF0006,38.47096,-101.77872,0,30,19.7954184,54.9,25.3,1.65,6.75
PROF0007,38.5798,-101.74667,0,30,25.5185567,54.2,20.3,1.6972,7.21
PROF0008,39.2791672,-101.7258606,0,30,32.3523316,57.7,9.9,1.4412,7.84
PROF0009,38.7700958,-101.6745758,0,30,33.4874,57.5,8.7,1.6008,7.23
PROF0010,38.7700768,-101.6739349,0,30,26.4536352,63,10.5,1.66,6.2
PROF0011,38.7696991,-101.6737595,0,30,34.2075943,56.5,9.3,1,6.6
PROF0012,38.8320833,-101.6669998,0,30,35.036606,59.2,5.8,2.5156,7.72
PROF0013,38.508278,-101.535978,0,30,26.2398523,58.3,15.2,1.4524,8.29
PROF0014,38.507851,-101.5340286,0,30,24.7548032,58.2,15.5,1.1852,8.28
PROF0015,38.504859,-101.5332556,0,30,27.7807481,53.4,18.8,1.1572,8.29
PROF0016,38.220871,-101.477627,0,30,14.4183409,26.1,59.5,0.456,8.22
PROF0017,38.220703,-101.474492,0,30,24.2326041,52.5,23.3,1.31,8.07
PROF0018,38.221674,-101.4703215,0,30,25.8478867,57.8,16.4,0.97,8
PROF0019,38.5747139,-101.4447028,0,30,24.3214475,56.4,19.3,1.3416,7.85
PROF0020,37.7141528,-101.416975,0,30,49.9196807,44.5,5.6,1.4832,8.32
PROF0021,37.3518611,-101.3554722,0,30,26.9051627,47.3,26.3,0.9188,8.02
PROF0022,38.448401,-101.2533267,0,30,30.8445098,36.6,32.6,1.17,7.28
PROF0023,38.447367,-101.250361,0,30,28.2589532,29.8,41.9,0.5832,8.17
PROF0024,38.039666,-101.1744824,0,30,22.4086954,35.3,42.3,1.4052,7.65
PROF0025,37.2981682,-101.1740799,0,30,30.2332495,51.6,19.5,0.76,7.21
PROF0026,38.039611,-101.1681571,0,30,13.9296331,16.4,69.2,1.042,8.04
PROF0027,38.046236,-101.1651392,0,30,16.7559531,22.2,61,0.6332,8.2
PROF0028,37.3143044,-101.1127472,0,30,26.5813953,51.5,21.2,0.9,6.72
PROF0029,39.2736111,-101.1120556,0,30,22.2242356,59.7,17.7,1.3164,7.55
PROF0030,38.4798889,-100.9438629,0,30,31.4859098,57.9,10.6,1.3,6.69
PROF0032,38.2407778,-100.9100833,0,30,34.1386151,44.4,21.5,0.7968,7.97
PROF0033,38.0912819,-100.8617935,0,30,26.4278604,39.2,34.4,0.7256,8.28
PROF0034,38.7571106,-100.8413086,0,30,21.5681467,64.6,13.8,1.7092,7.8
PROF0035,38.0056534,-100.8412704,0,30,34.8525225,46.3,18.8,1.046,8.22
PROF0036,38.355999,-100.8011703,0,30,23.0284267,52.3,24.7,0.74,6.9
PROF0037,38.6030273,-100.7999725,0,30,31.5241111,66.4,2.1,0.6456,7.81
PROF0038,38.3349167,-100.7867778,0,30,24.003342,46.4,29.6,1.1156,7.54
PROF0039,38.3838611,-100.7761678,0,30,18.1820679,27.4,54.4,0.3932,7.13
PROF0040,38.6904444,-100.7664722,0,30,22.8058689,53.5,23.7,1.7008,7.98
PROF0041,38.992232,-100.730256,0,30,26.2965992,54.5,19.2,1.3856,7.82
PROF0042,38.992294,-100.73017,0,30,27.9594697,53.4,20.7,1.6224,6.93
PROF0043,38.992252,-100.73005,0,30,22.5201039,52.4,25.1,1.2396,7.72
PROF0044,38.3119659,-100.6753769,0,30,33.6052221,51.5,14.9,1.1984,7.93
PROF0045,37.6941083,-100.6701833,0,30,27.1669452,51.3,21.5,1.39,6.43
PROF0047,38.3121643,-100.6474838,0,30,45.5301704,45.7,8.8,1.614,7.84
PROF0048,37.0840546,-100.6030832,0,30,2.9122128,4.6,92.5,0.2,6.6
PROF0049,39.0628722,-100.5982111,0,30,32.5450484,57.6,9.9,0.8808,7.35
PROF0050,37.0797611,-100.5921694,0,30,11.25,9.2,79.5,0.18,6.79
PROF0051,37.0940367,-100.5671294,0,30,12.224343,7.7,80.1,0.26,6.98
PROF0052,37.1002473,-100.5659588,0,30,6.6102445,3.6,89.8,0.12,6.81
PROF0053,37.0935093,-100.5658007,0,30,21.5310345,19.8,58.7,0.7,5.85
PROF0054,39.249225,-100.561641,0,30,26.07783645,62.25,10.4,1.6236,7.18
PROF0055,37.7945556,-100.5613333,0,30,11.14160715,19.55,69.3,0.53,5.925
PROF0056,39.244926,-100.55743,0,30,30.4240659,54.3,15.3,1.11,6.95
PROF0057,39.244814,-100.54297,0,30,27.8252866,61.4,10.8,1.16,6.14
PROF0058,37.8573608,-100.5412216,0,30,30.9148675,57.9,11.2,1.2416,7.82
PROF0059,38.1884861,-100.5375944,0,30,33.3280765,48.5,18.2,0.996,8.05
PROF0060,39.213832,-100.5006512,0,30,27.596407,61.7,10.7,1.0632,7.18
PROF0061,39.214518,-100.5005848,0,30,30.3323883,58.1,11.6,0.8908,7.3
PROF0062,39.206181,-100.4993418,0,30,31.0148598,58,11,1.2028,7.28
PROF0063,39.214084,-100.4992667,0,30,27.8376119,59.7,13,0.8432,7.3
PROF0064,39.233595,-100.48849,0,30,27.7659774,60.6,11.4,0.8124,6.61
PROF0065,39.228014,-100.4831241,0,30,28.656444,59.4,11.9,1.2284,6.87
PROF0066,39.228695,-100.4826982,0,30,30.0909674,56.2,11.9,1.15,6.46
PROF0067,39.206472,-100.4514937,0,30,36.4112355,52.5,11.1,0.7372,6.78
PROF0068,39.209626,-100.4507479,0,30,28.9802743,58.9,12.1,1.3044,7.04
PROF0069,39.207611,-100.4497104,0,30,31.5724442,57.5,10.9,1.1544,7.4
PROF0070,39.207936,-100.4482462,0,30,34.2910479,55,10.7,1.2756,7.23
PROF0071,39.221628,-100.4390867,0,30,38.0463927,51,11,0.7108,7.61
PROF0072,39.221531,-100.4374282,0,30,29.4333894,60.6,10,1.7848,7.51
PROF0073,39.220897,-100.4369635,0,30,26.7038556,62.7,10.6,1.5508,7.6
PROF0074,39.220427,-100.4356218,0,30,35.1220251,56.3,8.6,1.052,6.71
PROF0075,37.0478572,-100.4125468,0,30,8.3539686,13.2,78.4,0.32,6.63
PROF0076,37.048965,-100.4075433,0,30,17.2734457,18.4,64.3,0.4832,8.04
PROF0077,37.1348194,-100.3957611,0,30,10.3956897,25,64.6,0.61,7.25
PROF0078,39.8755,-100.3429167,0,30,17.7460965,51.3,31,0.7076,7.99
PROF0079,37.0482333,-100.3307333,0,30,4.60477075,7.05,88.35,0.125,7.28
PROF0080,38.3179445,-100.3155,0,30,30.13296485,62.2,7.65,0.8032,7.99
PROF0081,38.7833824,-100.0942688,0,30,9.2633965,29.2,61.5,1.0976,7.49
PROF0082,37.5755539,-100.0519409,0,30,31.5989022,64.3,4.1,1.6312,7.245
PROF0083,38.468376,-99.984226,0,30,28.1774091,63.6,8.2,2.0164,8.02
PROF0084,38.468192,-99.984219,0,30,25.300977,65.9,8.8,1.5716,8.04
PROF0085,38.468293,-99.984219,0,30,24.98146395,65.05,9.95,2.6454,7.86
PROF0086,38.1006927,-99.9016647,0,30,25.7727533,63.6,10.6,1.56,6.32
PROF0087,39.4950278,-99.8405556,0,30,22.1352529,59.7,18.2,1.8,6.76
PROF0088,39.4222222,-99.8388889,0,30,29.0707568,62.2,8.75,0.98,6.52
PROF0089,39.5855446,-99.7596359,0,30,6.1800717,18.2,75.65,0.5292,7.94
PROF0090,39.5857582,-99.7596359,0,30,11.8395566,34.7,53.5,2.0156,7.52
PROF0091,39.81327778,-99.75575,0,30,23.578015,34.7,41.7,1.2176,8.16
PROF0092,37.7192268,-99.7244034,0,30,30.9008873,42,27.1,0.82,6.39
PROF0093,38.087289,-99.716809,0,30,28.2254127,55.8,15.8,1.9938,7.49
PROF0094,38.087292,-99.716658,0,30,29.2328993,55,15.8,2.05,6.91
PROF0095,38.087259,-99.716529,0,30,29.3830879,55.2,16.8,1.77,7.06
PROF0096,38.919249,-99.673779,0,30,19.7361954,56.6,23.7,1.22,7.2
PROF0097,38.919171,-99.673776,0,30,19.7526217,56,26.6,1.26,7.26
PROF0098,38.91921,-99.673652,0,30,21.0389538,59.7,19.3,1.02,7.23
PROF0099,39.398304,-99.5579987,0,30,20.1593899,38.3,41.8,0.8724,8.01
PROF0100,39.67578,-99.47791,0,30,28.9541256,63.7,7.2,0.9576,7.94
PROF0101,39.64507,-99.47789,0,30,27.0564713,65.6,7.3,0.8208,7.93
PROF0102,39.64759,-99.47775,0,30,28.2283166,65.5,6.3,0.7772,7.98
PROF0103,38.8737662,-99.3741843,0,30,27.1684421,45.5,27.3,1.7752,8.1
PROF0104,38.8717308,-99.3738782,0,30,29.1857143,62.1,8.7,2.36,7.2
PROF0105,38.8743479,-99.3652547,0,30,38.9131604,56.1,5,1.07,7.27
PROF0106,38.9285926,-99.361225,0,30,30.58047365,61.55,7.9,1.5474,7.53
PROF0107,38.9274028,-99.3585,0,30,22.74334,56.2,21.1,3.2748,8.02
PROF0108,38.8569537,-99.3424307,0,30,24.1319333,50.1,23.4,1.2312,8.2
PROF0109,38.857793,-99.3422887,0,30,24.917937,49.5,25.6,1.5024,8.13
PROF0110,38.8576254,-99.3411835,0,30,28.1676525,56.8,15,3.6388,7.14
PROF0111,39.786335,-99.3295288,0,30,22.4496167,71.8,5.8,1.86,6.43
PROF0112,38.8443,-99.316273,0,30,34.4631114,56.6,8.95,2.075,6.81
PROF0113,38.8477117,-99.3161651,0,30,27.558675,54.8,17.6,2.4244,8.01
PROF0114,38.8440855,-99.3154798,0,30,34.5799745,53.25,12.45,2.105,7.095
PROF0115,38.842806,-99.314685,0,30,36.1040932,44.8,19.1,1.07,6.21
PROF0116,38.8475045,-99.3143434,0,30,26.8804018,65.3,7.8,1.4316,8.08
PROF0117,38.8442364,-99.3139645,0,30,23.721349,52.7,20.75,0.6844,8.23
PROF0118,38.849932,-99.313483,0,30,22.78860655,68.4,8.85,1.1632,8.09
PROF0119,38.849887,-99.31338,0,30,23.3862062,69,7.6,1.1864,8.135
PROF0120,38.849824,-99.313298,0,30,26.4785851,67.8,5.7,1.2072,8.13
PROF0121,38.835464,-99.303363,0,30,28.7773836,56.9,14.3,1.77,6.73
PROF0122,39.04247,-99.23844,0,30,31.1550644,44.2,24.6,1.9372,7.92
PROF0123,39.044006,-99.237097,0,30,30.9004573,48.9,20.2,3.0388,7.67
PROF0124,39.4438896,-99.2291641,0,30,22.7808828,64.9,15,0.92,6.52
PROF0125,38.5032778,-99.1924167,0,30,25.2124574,62.2,12.6,2.11,6.93
PROF0126,38.503409,-99.192415,0,30,23.8036087,63.3,12.9,1.8,7.36
PROF0127,38.503316,-99.192333,0,30,24.9646006,62.2,12.8,1.9776,7.43
PROF0128,38.503228,-99.19232,0,30,24.8862144,60.9,14.2,1.8976,7.76
PROF0129,37.7949715,-99.1805801,0,30,9.9957748,9,81,0.62,4.5
PROF0130,39.2910271,-99.0235519,0,30,25.213357,71.1,3.7,1.58,6.47
PROF0131,38.1027794,-98.9567184,0,30,16.4460778,16.8,66.8,0.48,5.82
PROF0132,39.375531,-98.862498,0,30,27.6285626,64.2,8.2,2.1556,8.05
PROF0133,39.375534,-98.862407,0,30,25.9879172,64.4,8.3,1.7752,8.16
PROF0134,39.375526,-98.862333,0,30,30.1249294,61.8,8.1,1.8852,8.13
PROF0135,39.679666,-98.855129,0,30,24.2275079,66.2,9.6,1.0832,8.04
PROF0136,39.679668,-98.855039,0,30,30.023826,64.4,5.6,0.9928,8.1
PROF0137,39.6795833,-98.8550278,0,30,25.5432921,64.5,10,1.296,7.55
PROF0138,39.67975,-98.85495,0,30,33.6876443,62.45,3.85,1.2794,8.03
PROF0139,37.9458046,-98.8095016,0,30,9.9567954,13.2,76.85,0.62,5.06
PROF0140,38.7541046,-98.7879028,0,30,32.3443584,34,33.7,2.2184,8.02
PROF0141,38.754055,-98.7877579,0,30,35.24291135,49.35,15.4,2.6834,7.885
PROF0142,38.5146942,-98.7348633,0,30,29.8010848,61.5,8.7,2.5984,7.37
PROF0143,39.4544182,-98.7035751,0,30,37.1148612,57.8,5.1,0.96,7.02
PROF0144,38.9501953,-98.663002,0,30,32.485916,56,11.5,1.9304,7.64
PROF0145,39.0148888,-98.6322479,0,30,30.2873883,59.3,9,1.8932,8
PROF0146,38.0102768,-98.5501404,0,30,21.4705809,53.5,25,1.07,5.08
PROF0147,37.9689178,-98.5127487,0,30,36.4766589,50.5,13.1,1,5.77
PROF0148,38.3041115,-98.4985809,0,30,15.4649692,33.8,50.7,1.6024,6.42
PROF0149,38.9366951,-98.4792557,0,30,34.64731775,50.35,13.8,2.7926,7.885
PROF0150,38.0435295,-98.4784698,0,30,6.7475165,11.9,81.4,0.4764,7.91
PROF0152,38.2744026,-98.4391327,0,30,24.238022,33.2,42.6,1.4232,8.07
PROF0153,39.9878349,-98.4173889,0,30,33.3682561,60.6,6.1,1.115,6.625
PROF0155,39.36244444,-98.35452778,0,30,40.4175192,53.5,6.1,1.88,5.23
PROF0156,38.3298492,-98.2916718,0,30,15.4877045,27.1,56.3,0.59,5.9
PROF0157,37.9477959,-98.2844391,0,30,21.0270584,24.4,54.6,0.5816,8.22
PROF0158,37.949604,-98.2828293,0,30,21.5099222,24.9,53.6,2.2768,7.8
PROF0159,37.947197,-98.2826157,0,30,13.0505123,17.4,69.5,0.75,8.83
PROF0160,38.1848068,-98.2611313,0,30,6.0927224,23.1,70.1,0.4204,7.7
PROF0161,38.1224442,-98.2334137,0,30,19.7637859,40.9,39.3,0.93,4.82
PROF0162,37.8681946,-98.2237854,0,30,7.0060176,22,71,0.34,4.98
PROF0163,39.6834984,-98.212532,0,30,22.29201,71,6.7,1.54,6.5
PROF0164,39.4438896,-98.209198,0,30,22.8089647,63.1,14.1,2.5912,7.95
PROF0165,39.7850838,-98.1052246,0,30,33.1276705,49.6,17.8,2.694,8.07
PROF0166,38.0792,-98.0677,0,30,18.1972525,44.3,37.5,1.0032,8.745
PROF0167,39.461834,-98.0431976,0,30,29.7026385,63.8,6.4,2.642,8.11
PROF0168,39.8820267,-97.9369736,0,30,65.4601064,34.2,0.3,1.84,4.59
PROF0169,38.85725,-97.9071389,0,30,25.0099436,48.4,26.6,1.97,6.29
PROF0170,39.6501045,-97.8924408,0,30,48.921979,47,4.1,1.3228,8.02
PROF0171,39.9500847,-97.8778915,0,30,9.8516163,42.8,47.3,0.47,5.945
PROF0172,39.6149368,-97.8754883,0,30,46.6037355,50.6,2.6,1.3828,7.18
PROF0173,39.9366684,-97.8481369,0,30,12.6673907,50.5,36.9,1.04,7.45
PROF0174,39.8996925,-97.8147202,0,30,28.2850941,61.4,9.9,1.3056,6.93
PROF0175,37.9900055,-97.649025,0,30,38.1747244,39.3,22.5,0.8968,7.77
PROF0176,38.0410385,-97.6316528,0,30,25.7125151,35.7,42.4,1.09,5.86
PROF0177,37.9729347,-97.6132889,0,30,22.23761025,45,34.55,0.6076,7.715
PROF0179,39.3635445,-97.599617,0,30,32.6968383,59.7,7.6,2.05,5.81
PROF0180,39.3629723,-97.599556,0,30,30.1200385,58.1,11.8,2.57,6.44
PROF0181,39.3627777,-97.5987473,0,30,33.7296645,49.6,16.7,1.98,6.15
PROF0182,39.3629723,-97.5977783,0,30,20.7847406,50,29.2,2.42,7.04
PROF0183,38.77373,-97.59771,0,30,50.2697294,45.1,4.6,1.61,7.22
PROF0184,38.76994,-97.59716,0,30,41.8841237,49.2,8.9,1.4156,7.27
PROF0185,38.7759,-97.59591,0,30,38.656757,55.2,6.1,1.3936,6.6
PROF0186,39.3514404,-97.5938797,0,30,21.3706472,36.4,42.2,1.66,5.82
PROF0187,38.77127,-97.59319,0,30,22.3115844,58.4,19.3,1.33,7.03
PROF0188,38.0444984,-97.5919189,0,30,5.402698,18,76.6,0.5652,7.38
PROF0189,38.77362,-97.59114,0,30,22.7342337,59,18.3,1.77,6.98
PROF0190,39.5839043,-97.5825577,0,30,8.6307626,27.6,63.8,0.42,5.48
PROF0191,39.5837402,-97.5792084,0,30,12.8571693,35.8,51.3,0.78,5.18
PROF0192,38.76662,-97.57184,0,30,32.1712274,61.2,6.6,2.136,7.78
PROF0193,38.76657,-97.57181,0,30,36.7872901,58.7,4.5,2.2584,7.88
PROF0194,38.76782,-97.57065,0,30,45.7340831,50.9,3.4,2.7824,7.7
PROF0195,39.5709,-97.5700302,0,30,13.395987,69.1,17.5,0.97,6.25
PROF0196,38.77171,-97.56995,0,30,21.2756184,54.3,23.1,0.704,8.08
PROF0197,38.8155,-97.5696944,0,30,24.0426071,31,45,1.0144,6.84
PROF0198,38.77109,-97.56826,0,30,28.4144049,62.3,9.3,1.2384,7.67
PROF0199,38.0229988,-97.5215759,0,30,22.1839509,57.2,21,1.17,5.66
PROF0200,39.5655403,-97.3811493,0,30,15.0787013,58.4,26.5,0.7148,7.34
PROF0201,38.5573,-97.273,0,30,51.28119035,45,3.7,2.3014,6.76
PROF0202,39.2762778,-97.2426111,0,30,49.435072,35,15.6,1.76,6.39
PROF0203,39.8108611,-97.1627778,0,30,29.801911,61.4,8.8,2.87,5.65
PROF0204,39.3976822,-97.1591721,0,30,20.5728929,63.6,12.1,1.69,5.43
PROF0205,39.4171389,-97.1393333,0,30,23.49411575,67.1,9.45,1.575,6.045
PROF0206,37.1313896,-97.086113,0,30,7.4883479,20.1,72.4,0.76,5.67
PROF0207,39.7811928,-97.0597763,0,30,28.4293224,44.3,27.3,1.4,6.01
PROF0208,39.3340263,-97.0554428,0,30,28.8254739,55.7,15.5,1.68,6.19
PROF0209,39.289547,-96.9960556,0,30,25.80491405,69.7,4.5,1.53,6.655
PROF0210,39.075361,-96.895861,0,30,12.3842402,63.2,24.4,1.5604,7.9
PROF0211,37.8024101,-96.8833618,0,30,37.5795673,57.3,5.1,2.07,6.24
PROF0212,38.04382,-96.85198,0,30,49.6817884,46.9,3.4,1.5,7
PROF0213,38.8858337,-96.8261108,0,30,25.4271198,70.7,3.9,2.65,5.57
PROF0214,37.8433889,-96.7668611,0,30,35.4571492,58.8,5.7,4.5848,6.94
PROF0215,39.94230556,-96.75730556,0,30,34.4551363,60.5,5,3.2312,7.8
PROF0216,39.94233333,-96.75694444,0,30,27.1786465,63.9,8.9,2.3448,7.79
PROF0217,39.33387,-96.75224,0,30,48.4736977,49.4,2.1,1.61,6.1
PROF0218,39.334,-96.75106,0,30,42.4048019,52.9,4.7,3.2724,7.9
PROF0219,39.33285,-96.75098,0,30,46.9814248,50.7,2.35,2.1248,6.475
PROF0220,39.33419,-96.75051,0,30,30.4546978,63.1,6.4,2.6184,8.02
PROF0221,39.3339,-96.74946,0,30,40.9082297,54.4,4.7,4.894,7.89
PROF0222,39.33431,-96.74865,0,30,47.9660377,49.9,2.1,1.98,6.825
PROF0223,39.015,-96.6493611,0,30,38.0123511,57,5,5.2416,7.77
PROF0224,39.1247882,-96.6475661,0,30,39.6557864,50.5,9.8,0.86,6.23
PROF0225,39.1262982,-96.6452249,0,30,41.1504775,52.1,6.7,0.7,5.97
PROF0226,39.12368333,-96.64235,0,30,45.9392392,49.4,4.7,0.73,7.13
PROF0227,39.12648333,-96.64206944,0,30,26.6215149,61.8,11.4,1.235,6.125
PROF0228,39.115422,-96.6387001,0,30,26.800911,64,9.2,1.3,5.81
PROF0229,39.12054167,-96.63851111,0,30,26.6393584,63,10.4,1.16,5.88
PROF0230,39.12412222,-96.63806111,0,30,40.9996937,51.5,7.5,1.19,6.14
PROF0231,37.95475,-96.636472,0,30,33.9813193,62.3,3.7,2.65,5.73
PROF0232,37.9615,-96.632,0,30,25.9381177,69.5,4.6,3.19,5.78
PROF0233,37.9611389,-96.6319444,0,30,24.3008788,68.6,7.1,2.92,6.13
PROF0234,39.1365776,-96.6206589,0,30,43.8166982,53.6,2.6,1.56,6.65
PROF0235,39.1337624,-96.6180649,0,30,29.8243007,65.1,5.1,1.36,5.52
PROF0236,39.10831111,-96.61478056,0,30,39.0267772,46.2,14.8,1.25,6.54
PROF0237,39.10784167,-96.61286111,0,30,31.3612566,60.75,7.9,1.805,5.95
PROF0238,39.1082778,-96.6104722,0,30,42.5380379,54.3,3.2,1.6546,6.82
PROF0239,39.10559,-96.61004,0,30,30.2286159,60.35,9.4,2.9,6.46
PROF0240,39.70393,-96.60717,0,30,40.3075146,52.9,6.8,1.4864,7.225
PROF0241,39.1033,-96.60426,0,30,34.9154286,61.1,4,2.15,6.71
PROF0242,39.09877,-96.60176,0,30,37.7259885,52.4,9.9,3.4128,7.68
PROF0243,39.21723056,-96.60105,0,30,34.014063,56.1,9.9,1.49,6.13
PROF0244,39.21721111,-96.60103889,0,30,44.13486335,50.25,5.6,1.355,5.435
PROF0245,39.21496944,-96.599,0,30,46.8663471,49.8,3.3,0.95,7.05
PROF0246,39.10603,-96.59763,0,30,42.5628059,50.6,6.8,5.162,7.74
PROF0247,39.10396,-96.59631,0,30,37.0533757,55.6,7.3,2.6772,7.06
PROF0248,39.2163143,-96.5958711,0,30,42.5348024,53.2,4.3,1.78,6.28
PROF0249,39.22296944,-96.59556944,0,30,27.3851039,57.9,14.7,1.39,7.1
PROF0250,39.2099,-96.59276944,0,30,38.45269615,51.95,9.55,1.135,5.72
PROF0251,39.22829444,-96.59177778,0,30,39.8231278,50.4,9.8,1.73,6.78
PROF0252,38.447917,-96.591389,0,30,48.8183153,47.6,3.6,4.06,6.68
PROF0253,39.21316944,-96.58963889,0,30,35.1823014,59.4,5.4,1.21,5.67
PROF0254,39.07098,-96.5889,0,30,32.0573387,60.7,7.2,3.1,6.065
PROF0255,39.10068,-96.58558,0,30,42.9986896,48.6,8.4,2.6008,7.76
PROF0256,39.09203,-96.58411,0,30,28.0906231,49.2,22.7,1.598,7.95
PROF0257,38.4544444,-96.5830278,0,30,49.7682197,46.8,3.4,2.44,7.15
PROF0258,39.22143889,-96.58281944,0,30,24.9243426,64.2,10.9,1.47,6.77
PROF0259,39.08433,-96.58242,0,30,41.4583818,54.95,3.75,3.2718,7.735
PROF0260,39.07361,-96.57133,0,30,36.5545523,57.4,6,3.33,6.12
PROF0261,39.10354,-96.56356,0,30,40.0875573,48.5,11.4,3.48,5.79
PROF0262,39.09044,-96.56269,0,30,37.8826959,49.8,12.3,3.24,6.06
PROF0263,39.10071,-96.56225,0,30,51.8739377,45.3,2.8,2.15,6.15
PROF0264,38.4546667,-96.55875,0,30,35.477164,58.1,6.4,2.62,6
PROF0265,39.07495,-96.55602,0,30,31.2304101,58.7,10.1,3.92,5.93
PROF0266,39.11074,-96.55236,0,30,34.4262673,50.8,14.15,2.1352,7.88
PROF0267,39.11033,-96.55031,0,30,28.6747963,59.4,11.9,2.3516,7.91
PROF0268,39.11983,-96.54613,0,30,52.1935311,42,5.8,3.6404,7.89
PROF0269,39.11914,-96.54079,0,30,34.8605574,59.6,5.5,3.13,6.39
PROF0270,38.096593,-96.533603,0,30,37.7778018,58.5,3.7,3.19,6.28
PROF0271,39.096593,-96.533603,0,30,38.4543873,58.4,3.1,2.57,5.55
PROF0272,39.097154,-96.533435,0,30,42.55077655,51.3,6.15,2.2878,5.98
PROF0273,39.2291944,-96.5323889,0,30,38.9708738,48.2,12.9,2.8756,7.64
PROF0275,39.41203,-96.48741944,0,30,26.11612,53.6,20.3,2.8192,6.93
PROF0276,37.91735,-96.399185,0,30,47.7272692,49.05,3.2,1.725,6.39
PROF0277,38.2397267,-96.3802883,0,30,47.3004744,49.8,2.9,2.73,6.35
PROF0278,38.3299964,-96.3187082,0,30,51.9959319,46,2,2.05,7.08
PROF0279,39.8588486,-96.2000809,0,30,44.128759,54.6,1.1,1.02,6.11
PROF0280,39.8592949,-96.1946411,0,30,45.4139494,53.3,0.8,0.91,6.16
PROF0281,39.8873596,-96.1718903,0,30,47.2921444,48.5,4.2,1.03,6.26
PROF0282,39.7004738,-96.162941,0,30,40.4190528,54.4,5.2,2.28,5.9
PROF0283,38.513794,-96.147364,0,30,35.2615239,61.2,3.3,1.54,6.05
PROF0284,39.8463326,-96.1426086,0,30,23.8222065,47,29.2,1.28,5.1
PROF0285,39.8582001,-96.1146927,0,30,44.8365652,53.5,1.7,1.7,5.94
PROF0286,39.7368202,-96.1142426,0,30,47.6131355,49.8,2.6,1.42,6.6
PROF0287,39.7448769,-96.1040955,0,30,44.8703936,53,2.15,1.595,6.21
PROF0288,39.8065278,-96.0515556,0,30,29.1003452,69,2.05,1.5,6.01
PROF0289,39.8065833,-96.0514722,0,30,28.1670754,67.9,3.9,1.3,6.19
PROF0290,39.8064167,-96.0513889,0,30,32.4452396,64,3.6,1.6,6.36
PROF0291,39.8065278,-96.0513889,0,30,25.2830922,72.1,2.6,1.52,5.9
PROF0292,39.8065278,-96.05125,0,30,28.5826364,68.7,2.85,1.405,5.96
PROF0293,39.1443329,-96.025528,0,30,44.6947763,51.8,3.5,1.98,6.7
PROF0294,39.1167908,-95.9842834,0,30,12.3276033,64.1,23.6,1.03,7.12
PROF0295,39.144413,-95.9747391,0,30,12.836281,46.2,41,1.0928,7.54
PROF0296,39.1241684,-95.9468536,0,30,21.8227296,69.5,8.7,1.49,7.12
PROF0297,39.136837,-95.9366379,0,30,22.4508508,60.6,16.9,1.5324,7.77
PROF0298,39.1349983,-95.9337311,0,30,23.0549399,61,15.9,1.328,7.47
PROF0299,39.1197662,-95.927681,0,30,16.6249233,50.9,32.5,1,6.22
PROF0300,39.1207275,-95.9245224,0,30,14.7940739,57.1,28.1,1.22,5.9
PROF0301,39.1199303,-95.923233,0,30,7.4585156,40.3,52.2,0.94,5.45
PROF0302,39.9878769,-95.8891296,0,30,35.5110235,63,1.5,2.4,5.48
PROF0303,37.2895833,-95.8657222,0,30,34.1782252,56.3,9.5,1.94,5.34
PROF0304,37.2893889,-95.8656944,0,30,33.4475365,54.8,11.8,1.77,5.56
PROF0305,39.9316521,-95.8501968,0,30,40.0898876,58.5,1.4,1.8612,6.27
PROF0306,37.8611488,-95.7836075,0,30,35.2876134,59.8,4.9,4.09,6.33
PROF0307,37.8610334,-95.7835877,0,30,27.2852123,68.2,4.5,1.5328,7.36
PROF0308,39.0783539,-95.7708282,0,30,35.1451822,59.8,5,1.09,7.05
PROF0309,39.0773468,-95.7685928,0,30,11.6614615,55.4,32.9,1.01,6.08
PROF0310,39.0746841,-95.7685547,0,30,29.1877618,51.4,18.5,1.09,6.2
PROF0311,38.5269444,-95.7561111,0,30,38.5520336,59.9,1.5,2.04,5.67
PROF0312,37.7220268,-95.7528915,0,30,20.3796623,69,10.6,1.47,6.13
PROF0313,37.3569417,-95.74967,0,30,35.0576964,57.3,7.6,1.9,6.69
PROF0314,38.0192944,-95.7178472,0,30,28.5958817,53.5,17.9,2.66,5.84
PROF0315,39.69038889,-95.6965,0,30,26.8338285,70.7,2.5,1.986,7.7
PROF0316,39.68572222,-95.67608333,0,30,45.7698678,52.2,2,2.2132,7.91
PROF0317,39.66763889,-95.66088889,0,30,34.0424561,62.3,3.65,2.335,6.315
PROF0318,37.3260806,-95.6561,0,30,36.9454581,41.2,21.9,2.83,7.01
PROF0319,39.66355556,-95.65186111,0,30,30.5287735,59.3,10.2,2.06,6.28
PROF0320,39.66527778,-95.64888889,0,30,35.64267405,61.1,3.25,1.9308,7.285
PROF0321,39.66613889,-95.64780556,0,30,33.5961651,63.1,3.3,3.014,7.67
PROF0322,39.6588611,-95.6379444,0,30,23.3621271,71,5.6,1.2028,7.93
PROF0323,39.68361111,-95.62761111,0,30,32.2545902,64.6,3.1,2.0584,7.81
PROF0324,38.6971512,-95.60849,0,30,30.6770443,65.1,4.2,2.31,5.94
PROF0325,37.6883888,-95.6044464,0,30,31.5531585,63.8,4.6,3.19,5.78
PROF0326,37.6899317,-95.599845,0,30,46.9796166,49.3,3.7,1.75,6.9
PROF0327,38.2748694,-95.5994111,0,30,22.1008993,41.5,33.7,1.69,6.09
PROF0328,39.0684433,-95.5844421,0,30,9.6810247,72.1,18.2,0.64,5.45
PROF0329,38.5987056,-95.5840111,0,30,33.4147386,56.3,10.3,3.38,6.24
PROF0330,39.350029,-95.563942,0,30,57.1197789,41.6,1.7,2.9296,7.56
PROF0331,37.8561211,-95.5569305,0,30,35.2153705,61.6,3.2,2.71,6.71
PROF0332,38.4035667,-95.5406278,0,30,32.90071795,63.4,3.7,2.46,6.49
PROF0333,37.17825,-95.4634528,0,30,35.3159145,47.8,16.9,1.69,5.9
PROF0334,39.2619438,-95.460556,0,30,40.3996186,53.5,6.1,3.01,7.24
PROF0335,39.2605553,-95.4602814,0,30,29.4319239,45,26.1,1.8,5.37
PROF0336,38.6463889,-95.4516667,0,30,38.2342295,59.6,2.2,1.68,6.46
PROF0337,39.8990833,-95.4374167,0,30,19.6701512,73.6,7.5,1.15,5.64
PROF0338,39.8992222,-95.4373333,0,30,21.3924005,73.1,5.5,1.16,5.16
PROF0339,39.8991111,-95.4372778,0,30,21.56030995,74.9,3.95,1.04,5.46
PROF0340,39.899,-95.43725,0,30,22.8938527,72.8,5.2,1.09,5.39
PROF0341,39.8991389,-95.4371667,0,30,21.4378604,74.8,3.8,1.075,5.405
PROF0342,37.4517667,-95.4346667,0,30,39.2347849,47.8,13,2.75,7.17
PROF0343,39.220417,-95.4191666,0,30,38.2523035,56.8,4.6,2.34,6.82
PROF0344,39.1519737,-95.3852463,0,30,42.2683052,54.5,3.2,7.3168,7.55
PROF0345,39.0669479,-95.3824692,0,30,17.5620546,60,21.9,1.195,6.74
PROF0346,39.98838889,-95.37397222,0,30,25.6632085,69.2,5.1,1.85,6.4
PROF0347,37.5144463,-95.3574982,0,30,23.1067336,58.6,18.3,2.09,7.14
PROF0349,37.5138893,-95.3527222,0,30,22.1053171,71.7,6.2,2.05,5.88
PROF0350,37.372467,-95.3433075,0,30,30.65681495,64.2,5.15,2.215,5.865
PROF0351,37.3725281,-95.342308,0,30,35.7622789,53,11.2,2.96,5.76
PROF0352,38.3244722,-95.2860833,0,30,37.8274639,56.7,5.5,2.8268,7.46
PROF0353,38.3241667,-95.2856944,0,30,50.2598056,46.7,3,2.47,6.925
PROF0354,38.18122,-95.2742,0,30,27.1582647,66.6,6.2,1.68,6.12
PROF0355,39.18119,-95.27245,0,30,25.5724956,67,7.4,3.22,6.16
PROF0356,38.0441583,-95.2644583,0,30,32.755291,52.9,14.3,3.38,6.48
PROF0357,37.8757,-95.2615117,0,30,44.9617958,51.5,3.5,4.47,5.84
PROF0358,38.0231194,-95.2524167,0,30,42.31149425,50.45,7.25,3.805,6.86
PROF0359,38.53867,-95.24809,0,30,24.4239306,70.6,5,2.45,6.975
PROF0360,38.53825,-95.2458878,0,30,24.8524608,73.1,2,1.58,6.7
PROF0361,39.1592484,-95.2408371,0,30,32.9507789,49.8,17.2,2.98,5.92
PROF0362,39.0031357,-95.2228775,0,30,15.5865031,66.3,18.1,1.2,7.11
PROF0363,39.04537,-95.212,0,30,42.4511336,54.7,2.8,2.7672,5.73
PROF0364,39.0224724,-95.2074966,0,30,10.2774035,24.7,65,1.85,6.8
PROF0365,39.0212784,-95.2071075,0,30,6.1651308,12,81.8,1.22,6.66
PROF0366,39.03693,-95.20548,0,30,41.3687531,56.2,2.4,2.884,7.5
PROF0367,39.0535,-95.20461,0,30,35.1150604,60.5,4.35,2.2444,6.96
PROF0368,39.03625,-95.20457,0,30,40.7685328,52.6,6.6,2.8348,6.81
PROF0369,39.04175,-95.2043889,0,30,42.9019559,48.8,8.55,4.4326,7.51
PROF0370,39.042778,-95.2036133,0,30,51.9571721,45.3,2.7,3.87,7.39
PROF0371,39.04306,-95.20285,0,30,40.4266132,54.8,4.8,3.4508,6.01
PROF0372,39.04756,-95.20259,0,30,53.0475279,36.9,10.1,0.712,6.94
PROF0373,39.03651,-95.20154,0,30,41.4942375,52.7,5.8,5.0092,7.06
PROF0374,39.04177,-95.20136,0,30,56.8876488,40.6,2.5,4.2892,7.58
PROF0375,39.03373,-95.19885,0,30,37.1808758,60.6,2.2,3.1916,6.5
PROF0376,39.04743,-95.19851,0,30,22.0607171,62.6,15.3,2.9812,6.41
PROF0377,39.04544,-95.1984,0,30,52.5167833,43.6,3.9,3.6088,7.44
PROF0378,39.03747,-95.19714,0,30,49.4638985,47.1,3.4,4.9148,7.34
PROF0379,39.0315519,-95.1959213,0,30,40.8075224,50,9.2,3.0492,6.14
PROF0380,39.05324,-95.19296,0,30,49.3502098,41.3,9.3,0.754,6.75
PROF0381,39.0514107,-95.1912994,0,30,32.3406488,63.3,4.4,1.65,6.35
PROF0382,39.0315944,-95.1910278,0,30,33.9148701,55.7,10.4,2.5872,6.16
PROF0383,39.03356,-95.18974,0,30,40.6794137,52.3,7,6.1552,6.97
PROF0384,39.05554,-95.18948,0,30,28.0480702,58.2,13.8,2.1808,5.8
PROF0385,39.03228,-95.18835,0,30,46.7304425,50.8,2.5,5.6492,7.34
PROF0386,39.0511398,-95.1858368,0,30,34.8578289,62.9,2.2,1.76,6.2
PROF0387,39.0514717,-95.1851959,0,30,52.018552,45,3,4.5892,7.2
PROF0388,37.1898417,-95.1754028,0,30,15.1149381,74.9,10,1.3096,5.76
PROF0389,38.4861111,-95.1661111,0,30,32.2770531,65.9,1.7,2.24,6.44
PROF0390,37.6304833,-95.1556267,0,30,51.8787351,45.3,2.8,1.72,6.79
PROF0391,39.1107483,-95.1301422,0,30,39.0710433,57.9,3,2.04,6.3
PROF0392,39.1105537,-95.1299973,0,30,42.4804998,56.3,1.2,2.01,6.38
PROF0393,39.2999992,-95.0884705,0,30,31.6002386,49.5,18.9,1.98,5.66
PROF0394,37.2818722,-95.0866472,0,30,31.6283233,60.6,7.8,2.0764,7.05
PROF0395,37.26405,-95.0864583,0,30,19.8533042,72.9,7.2,1.15,6.29
PROF0396,39.0449715,-95.0847244,0,30,25.9688111,45.7,29.05,1.98,5.275
PROF0397,38.614725,-95.0811389,0,30,45.5022205,49.9,4.6,2.04,7.34
PROF0398,39.2041321,-95.0554581,0,30,48.7988205,50.7,0.5,2.63,6.7
PROF0399,37.7757988,-95.0383301,0,30,37.7212965,57,5.3,3.08,5.82
PROF0400,39.0433044,-95.0228882,0,30,21.182058,43.3,35.5,0.97,5.82
PROF0401,37.1352167,-95.0066833,0,30,9.451571,81,9.5,0.5896,6.86
PROF0402,38.3166667,-95.0011111,0,30,32.8867056,64.1,3,1.71,6.47
PROF0403,37.790035,-94.9961433,0,30,37.7623693,59.9,2.3,1.75,7.29
PROF0404,39.8993889,-94.9535556,0,30,7.3798757,34.7,57.9,0.5454,7.87
PROF0405,39.3565025,-94.9454727,0,30,32.1160891,65.1,2.8,1.53,6.9
PROF0406,39.3521156,-94.9432831,0,30,18.946346,76,5.1,2.77,6.71
PROF0407,39.3534584,-94.943222,0,30,37.2338835,55.95,6.8,1.64,6.905
PROF0408,37.3043694,-94.9396167,0,30,47.9347414,49.8,2.3,3.3716,6.62
PROF0409,37.3761667,-94.9231389,0,30,15.7904225,76.9,7.3,0.7448,7.49
PROF0410,39.8174438,-94.9192505,0,30,53.4796063,45.1,1.4,1.8,6.39
PROF0411,39.2620316,-94.8795166,0,30,32.1481505,65.4,2.5,1.3956,7.89
PROF0412,37.2150667,-94.8722722,0,30,18.2809589,68,13.7,0.9876,6.56
PROF0413,38.4607667,-94.8702694,0,30,49.8997842,43.9,6.2,2.79,6.39
PROF0414,38.5921707,-94.8478775,0,30,32.7348075,63.2,4.1,3.72,6.17
PROF0415,37.5755234,-94.8418198,0,30,28.8374661,62.6,8.6,1.73,6.24
PROF0416,37.0171278,-94.8410778,0,30,8.6902637,81.4,9.9,0.764,6.68
PROF0417,37.5434817,-94.8375583,0,30,31.5113804,62.8,5.7,1.8796,6.91
PROF0418,38.8363876,-94.7608337,0,30,33.8157299,64.4,1.8,1.91,6.2
PROF0419,37.832222,-94.7328644,0,30,19.8791767,76,4.1,1.48,6.46
PROF0420,37.9413,-94.7166583,0,30,32.5207823,61.2,6.3,3.14,5.6
PROF0421,37.5126389,-94.7096389,0,30,15.4212625,75.6,9,1.2164,6.03
